AccuWeather for HP TouchPad,http://appcatalog.webosarchive.com/AppPackages/com.accuweather.accuweather_1.1.0_all.ipk
Amigo Music Player Trial,http://appcatalog.webosarchive.com/AppPackages/de.tamspalm.amigo2trial_2.3.2_all.ipk
aniWeather HD,http://appcatalog.webosarchive.com/AppPackages/com.forwebos.aniweatherhdr_1.0.3_all.ipk
Apollo (Pandora Radio Client),http://appcatalog.webosarchive.com/AppPackages/com.jmtk.apollo_1.2.6_all.ipk
APPY Geek,http://appcatalog.webosarchive.com/AppPackages/com.mobilesrepublic.appygeek_1.1.1_all.ipk
Audio Headlines,http://appcatalog.webosarchive.com/AppPackages/com.scienceapps.audioheadlines_1.2.2_all.ipk
Bad Booty,http://appcatalog.webosarchive.com/AppPackages/com.xanadu.badbooty_1.1.1_all.ipk
Bandit Rocks!,http://appcatalog.webosarchive.com/AppPackages/it.webosphone.banditrocks_0.5.3_all.ipk
BHome - UPnP Media Player,http://appcatalog.webosarchive.com/AppPackages/de.bluestarsoftware.bhome_1.3.0_all.ipk
BHomePro - UPnP Media Player,http://appcatalog.webosarchive.com/AppPackages/de.bluestarsoftware.bhomepro_1.3.0_all.ipk
Bible 2.0,http://appcatalog.webosarchive.com/AppPackages/de.bible20.losungen_1.0.3_all.ipk
Cable News,http://appcatalog.webosarchive.com/AppPackages/com.lazydayproject.cablenews_1.1.2_all.ipk
Countdown To Christmas,http://appcatalog.webosarchive.com/AppPackages/com.joshondesign.webos.christmascountdown_1.0.2_all.ipk
Days Gone By,http://appcatalog.webosarchive.com/AppPackages/com.gardnertech.daysgoneby_1.0.5.ipk
deadOS?,http://appcatalog.webosarchive.com/AppPackages/net.squaresix.deados_0.7.7_all.ipk
Dock,http://appcatalog.webosarchive.com/AppPackages/com.ingloriousapps.dock_1.0.0_all.ipk
easyClock for phone,http://appcatalog.webosarchive.com/AppPackages/com.jeffyuan.globaltime_1.0.5_all.ipk
Eponyms for WebOS,http://appcatalog.webosarchive.com/AppPackages/net.palmdoc.eponyms_2.3.0_all.ipk
Exhibition Earth,http://appcatalog.webosarchive.com/AppPackages/com.calql8.exhibitionearth_1.0.0_all.ipk
ExhibitionCalc,http://appcatalog.webosarchive.com/AppPackages/com.hominidsoftware.exhibitioncalc_1.0.2_all.ipk
Facebook,http://appcatalog.webosarchive.com/AppPackages/com.palm.app.facebook_1.5.62_all.ipk
Facebook Tablet,http://appcatalog.webosarchive.com/AppPackages/com.palm.app.enyo-facebook_2.0.35_all.ipk
Flap Clock 3000, Free-as-in-Beer Edition,http://appcatalog.webosarchive.com/AppPackages/com.webonastick.flap-clock-3000.free_1.4.1_all.ipk
Flickr Mundo HD,http://appcatalog.webosarchive.com/AppPackages/com.chofter.flickrmundo_1.7.0_all.ipk
Flivr - Explore Flickr,http://appcatalog.webosarchive.com/AppPackages/keypunch.flivr_1.2.0_all.ipk
Flixi,http://appcatalog.webosarchive.com/AppPackages/com.underclouds.flixi_1.10.0.ipk
FML HD,http://appcatalog.webosarchive.com/AppPackages/com.app4me2.fmlhd_2.0.0_all.ipk
Giggling Bag,http://appcatalog.webosarchive.com/AppPackages/com.andres.lachsack_1.2.0_all.ipk
Glimpse,http://appcatalog.webosarchive.com/AppPackages/com.ingloriousapps.glimpse_1.3.5.ipk
Golden Playlist,http://appcatalog.webosarchive.com/AppPackages/full.tamoggemon.goldenplaylist_3.0.2_all.ipk
Gradient Clock,http://appcatalog.webosarchive.com/AppPackages/com.gmturbo.gradclock_1.1.4_all.ipk
Hacks! Zero,http://appcatalog.webosarchive.com/AppPackages/com.dominionofawesome.hacks-cheapskate_1.2.0_all.ipk
Halloween Artist,http://appcatalog.webosarchive.com/AppPackages/net.penduin.halloweenartist_1.3.1_all.ipk
HovpoH HD,http://appcatalog.webosarchive.com/AppPackages/tlh.wizage.hovpohhd_1.0.1_all.ipk
HovpoH2,http://appcatalog.webosarchive.com/AppPackages/tlh.wizage.hovpoh_1.9.1_all.ipk
IAmA Reddit,http://appcatalog.webosarchive.com/AppPackages/com.tehtorq.reddit_0.2.7_all.ipk
Italia, 150,http://appcatalog.webosarchive.com/AppPackages/it.webosphone.italia150_0.6.2_all.ipk
Just Exhibition,http://appcatalog.webosarchive.com/AppPackages/de.metaviewsoft.exhibition_2.3.0.ipk
LCARS-Clock,http://appcatalog.webosarchive.com/AppPackages/de.djfun.lcars-clock_0.8.1_all.ipk
Le Figaro.fr,http://appcatalog.webosarchive.com/AppPackages/com.lefigaro.lefigarowebosv3_1.0.0_all.ipk
LetItSnow,http://appcatalog.webosarchive.com/AppPackages/com.mcreatory.letitsnow_1.0.0_all.ipk
Life of a Real Man,http://appcatalog.webosarchive.com/AppPackages/petrsigut.lifeofarealman_1.0.1_all.ipk
Localscope,http://appcatalog.webosarchive.com/AppPackages/com.cynapse.localscope.webos.touchpad_1.0.3_all.ipk
Luna,http://appcatalog.webosarchive.com/AppPackages/com.lazyday.luna_1.0.0_all.ipk
m.radio,http://appcatalog.webosarchive.com/AppPackages/com.mcreatory.mradio_2.0.2_all.ipk
Matrix Exhibition,http://appcatalog.webosarchive.com/AppPackages/com.futurepr0n.matrixexhibition_0.0.3_all.ipk
Matrix Screensaver,http://appcatalog.webosarchive.com/AppPackages/com.csbctech.jsmatrix_1.0.0_all.ipk
Mood of Beskydy Mountains,http://appcatalog.webosarchive.com/AppPackages/petrsigut.moodofbeskydymountains_1.1.0_all.ipk
Multi Clock,http://appcatalog.webosarchive.com/AppPackages/com.amd.multiclocks_0.0.6_all.ipk
Multi Pane,http://appcatalog.webosarchive.com/AppPackages/com.appsotutely.multipane_0.9.8_all.ipk
News Republic for TouchPad,http://appcatalog.webosarchive.com/AppPackages/com.mobilesrepublic.newsrepublic_1.1.1_all.ipk
Night Light Timer,http://appcatalog.webosarchive.com/AppPackages/com.gardnertech.nightlighttimer_1.0.5_all.ipk
Nightstand,http://appcatalog.webosarchive.com/AppPackages/com.appsotutely.nightstand_0.7.0_all.ipk
NightTime,http://appcatalog.webosarchive.com/AppPackages/com.urbanmania.nighttime_1.1.0_all.ipk
Nyan Cat,http://appcatalog.webosarchive.com/AppPackages/com.kingapps.nyancat_1.0.8_all.ipk
Pandora Tablet,http://appcatalog.webosarchive.com/AppPackages/com.drewksparks.pandora-tablet_1.0.3_all.ipk
Persona Calendar,http://appcatalog.webosarchive.com/AppPackages/uk.me.gm.personacal_1.0.0.ipk
Pong Clock,http://appcatalog.webosarchive.com/AppPackages/com.8bitdevelopment.pongclock_1.1.1_all.ipk
PurdueExhibition,http://appcatalog.webosarchive.com/AppPackages/com.charliebess.app.purdueexhibition_2.0.1_all.ipk
Rockus Sound Machine HD,http://appcatalog.webosarchive.com/AppPackages/com.rockus.rsmhd_1.0.1_all.ipk
Santa Tracker,http://appcatalog.webosarchive.com/AppPackages/com.amd.santatracker_1.0.1_all.ipk
Shakespear%2520Passages,http://appcatalog.webosarchive.com/AppPackages/com.tenorguitarinfo.shakespeare_1.3.0_all.ipk
Simple Big Book,http://appcatalog.webosarchive.com/AppPackages/com.vocshop.simplebigbook_1.3.19_all.ipk
SimpleClock,http://appcatalog.webosarchive.com/AppPackages/com.angrygoat.simpleclock_1.1.1_all.ipk
Slide RSS,http://appcatalog.webosarchive.com/AppPackages/com.appsotutely.sliderss_1.3.8_all.ipk
Slideshow Presentation HD,http://appcatalog.webosarchive.com/AppPackages/com.chrisvanhooser.slideshowpresentationhd_2.0.2_all.ipk
SPL Meter,http://appcatalog.webosarchive.com/AppPackages/net.bradleygraber.splmeter_1.1.0_all.ipk
Squeeze Control,http://appcatalog.webosarchive.com/AppPackages/com.angrygoat.sqzctrl_2.2.3_all.ipk
St4rs,http://appcatalog.webosarchive.com/AppPackages/com.futurepr0n.st4rs_0.0.2_all.ipk
Star Wars Weather,http://appcatalog.webosarchive.com/AppPackages/tlh.roneyii.weather_0.0.6_all.ipk
Starfield Screensaver,http://appcatalog.webosarchive.com/AppPackages/com.rjamdev.starfield_1.0.1_all.ipk
SWR3-Elchibition,http://appcatalog.webosarchive.com/AppPackages/com.suedwestrundfunk.swr3-elchibition_1.2.4_all.ipk
Tenor Guitar Chords Free Trial,http://appcatalog.webosarchive.com/AppPackages/com.tgi.tenorguitar_1.5.0_all.ipk
The World Factbook,http://appcatalog.webosarchive.com/AppPackages/com.fuzzypeachsoftware.worldfactbook_1.0.3_all.ipk
Timepiece,http://appcatalog.webosarchive.com/AppPackages/com.zps.app.timepiece_0.4.1_all.ipk
TouchDeclaration + Constitution,http://appcatalog.webosarchive.com/AppPackages/full.tamoggemon.touchdeclaration_17.76.1012_all.ipk
TouchDeclaration of Independence,http://appcatalog.webosarchive.com/AppPackages/free.tamoggemon.touchdeclaration_17.76.2012_all.ipk
TrackMyWork-Full,http://appcatalog.webosarchive.com/AppPackages/de.reger-clan.track-my-work_1.0.30_all.ipk
TrendStalker,http://appcatalog.webosarchive.com/AppPackages/com.foulweatherapps.trendstalker_1.2.3.ipk
Wallpaper Switcharoo HD,http://appcatalog.webosarchive.com/AppPackages/com.orbsix.app.switcharootouch_1.0.0_all.ipk
Wallpaper Switcharoo HD Lite,http://appcatalog.webosarchive.com/AppPackages/com.orbsix.app.switcharootouchdemo_1.0.0_all.ipk
We the People HD,http://appcatalog.webosarchive.com/AppPackages/com.gregstoll.wethepeoplehd_1.0.1_all.ipk
Weather Dashboard for Touchpad,http://appcatalog.webosarchive.com/AppPackages/com.supergigamega.weatherdashhd_1.0.5_all.ipk
WebMyth2,http://appcatalog.webosarchive.com/AppPackages/com.thewbman.webmyth2_0.6.2_all.ipk
webOnEx Touchpad,http://appcatalog.webosarchive.com/AppPackages/com.onghu.webonex_1.0.0_all.ipk
Weibo,http://appcatalog.webosarchive.com/AppPackages/com.noteday.weibo_2.2.4_all.ipk
Whendle 2,http://appcatalog.webosarchive.com/AppPackages/com.hoopengines.whendle_2.1.0_all.ipk
Wifi Media Sync - SALE!!!,http://appcatalog.webosarchive.com/AppPackages/com.8bitdevelopment.wifimediasync_3.2.0_all.ipk
Zinio,http://appcatalog.webosarchive.com/AppPackages/com.zinio.reader_1.0.71_all.ipk
Zite Personalized Magazine,http://appcatalog.webosarchive.com/AppPackages/com.zite.webos_1.0.1_all.ipk